buyer_company,total_revenue,month,buyer_region
Company_1,8382.2830761606347,2024-10-01 00:00:00.000000 UTC,Region_1
Company_2,16873.712705107788,2020-05-01 00:00:00.000000 UTC,Region_2
Company_3,17107.661569268836,2020-05-01 00:00:00.000000 UTC,Region_2
Company_4,8142.1571099716612,2020-07-01 00:00:00.000000 UTC,Region_2
Company_5,6112.7483399870625,2020-08-01 00:00:00.000000 UTC,Region_3
Company_6,6613.697114217196,2022-09-01 00:00:00.000000 UTC,Region_4
Company_7,52959.952245792876,2022-10-01 00:00:00.000000 UTC,Region_4
Company_8,8242.3841404333725,2022-10-01 00:00:00.000000 UTC,Region_4
Company_6,10227.363926579192,2022-11-01 00:00:00.000000 UTC,Region_4
Company_7,54426.747723027205,2022-11-01 00:00:00.000000 UTC,Region_4
Company_9,23665.045878360772,2022-11-01 00:00:00.000000 UTC,Region_5
Company_246,15591.147520826997,2022-03-01 00:00:00.000000 UTC,Region_1
Company_246,19730.6046427297,2022-01-01 00:00:00.000000 UTC,Region_1
Company_246,13796.983386405856,2022-09-01 00:00:00.000000 UTC,Region_1
Company_246,20359.5862816938,2022-02-01 00:00:00.000000 UTC,Region_1
Company_246,13597.727470272333,2022-07-01 00:00:00.000000 UTC,Region_1
Company_246,14377.959357454662,2022-10-01 00:00:00.000000 UTC,Region_1
Company_247,42796.365122622694,2022-12-01 00:00:00.000000 UTC,Region_4
Company_247,4384.4644187171943,2024-02-01 00:00:00.000000 UTC,Region_4
Company_247,6706.948279457717,2024-03-01 00:00:00.000000 UTC,Region_4
Company_247,13722.991289269641,2024-04-01 00:00:00.000000 UTC,Region_4
Company_247,31852.759115788373,2024-05-01 00:00:00.000000 UTC,Region_4
Company_247,62623.637862030766,2024-09-01 00:00:00.000000 UTC,Region_4
Company_247,6635.0595920637679,2022-08-01 00:00:00.000000 UTC,Region_4
Company_247,129552.8755901636,2021-08-01 00:00:00.000000 UTC,Region_4
Company_247,195766.42149712998,2022-05-01 00:00:00.000000 UTC,Region_4
Company_247,22570.651552120289,2021-07-01 00:00:00.000000 UTC,Region_4
Company_247,121098.03819061464,2022-02-01 00:00:00.000000 UTC,Region_4
Company_247,138877.69035923164,2022-04-01 00:00:00.000000 UTC,Region_4
Company_247,75253.086839132753,2022-07-01 00:00:00.000000 UTC,Region_4
Company_247,23609.052578512819,2022-09-01 00:00:00.000000 UTC,Region_4
Company_247,0.0,2023-05-01 00:00:00.000000 UTC,Region_4
Company_247,22073.412589165549,2022-01-01 00:00:00.000000 UTC,Region_4
Company_247,16376.313989514392,2022-11-01 00:00:00.000000 UTC,Region_4
Company_247,22875.503962403596,2023-02-01 00:00:00.000000 UTC,Region_4
Company_247,22112.223605211693,2021-12-01 00:00:00.000000 UTC,Region_4
Company_247,27478.8294960757,2024-11-01 00:00:00.000000 UTC,Region_4
Company_247,7390.5209451082565,2024-12-01 00:00:00.000000 UTC,Region_4
Company_248,3605.0845456076813,2022-10-01 00:00:00.000000 UTC,Region_4
Company_248,11537.317813242418,2023-04-01 00:00:00.000000 UTC,Region_4
Company_248,3236.2334532505783,2023-06-01 00:00:00.000000 UTC,Region_4
Company_248,14086.020285462493,2023-08-01 00:00:00.000000 UTC,Region_4
Company_248,4885.2534403086738,2024-07-01 00:00:00.000000 UTC,Region_4
Company_248,14867.556819193826,2024-08-01 00:00:00.000000 UTC,Region_4
Company_248,14699.994051539779,2024-09-01 00:00:00.000000 UTC,Region_4
Company_248,10665.48553808565,2022-08-01 00:00:00.000000 UTC,Region_4
Company_248,10463.700205173447,2022-09-01 00:00:00.000000 UTC,Region_4
Company_249,37718.458875244825,2023-04-01 00:00:00.000000 UTC,Region_1
Company_249,29978.11515207238,2023-07-01 00:00:00.000000 UTC,Region_1
Company_249,21709.212073622573,2023-08-01 00:00:00.000000 UTC,Region_1
Company_249,17818.418808930197,2023-11-01 00:00:00.000000 UTC,Region_1
Company_249,19346.630300580091,2023-09-01 00:00:00.000000 UTC,Region_1
Company_249,19688.62519935027,2023-12-01 00:00:00.000000 UTC,Region_1
Company_249,20849.121617406818,2023-10-01 00:00:00.000000 UTC,Region_1
Company_249,25838.6314047299,2024-04-01 00:00:00.000000 UTC,Region_1
Company_249,19065.776286681139,2024-05-01 00:00:00.000000 UTC,Region_1
Company_249,10222.828726670758,2024-07-01 00:00:00.000000 UTC,Region_1
Company_249,24078.51233263508,2023-05-01 00:00:00.000000 UTC,Region_1
Company_250,10583.683311948609,2023-09-01 00:00:00.000000 UTC,Region_2
Company_250,27696.74097034529,2023-10-01 00:00:00.000000 UTC,Region_2
Company_250,10413.564502076111,2023-11-01 00:00:00.000000 UTC,Region_2
Company_250,13932.950632192933,2023-12-01 00:00:00.000000 UTC,Region_2
Company_250,11505.917544600468,2024-01-01 00:00:00.000000 UTC,Region_2
Company_250,8885.4417618921379,2024-03-01 00:00:00.000000 UTC,Region_2
Company_250,80294.826864148839,2021-05-01 00:00:00.000000 UTC,Region_2
Company_250,6074.230203778453,2020-12-01 00:00:00.000000 UTC,Region_2
Company_250,23533.40970411052,2021-06-01 00:00:00.000000 UTC,Region_2
Company_250,137083.02921660137,2022-02-01 00:00:00.000000 UTC,Region_2
Company_250,20080.063539783619,2021-02-01 00:00:00.000000 UTC,Region_2
Company_250,39673.059034606755,2021-04-01 00:00:00.000000 UTC,Region_2
Company_250,19971.387369766471,2021-11-01 00:00:00.000000 UTC,Region_2
Company_250,27794.296581682855,2022-07-01 00:00:00.000000 UTC,Region_2
Company_250,42151.976229175154,2022-09-01 00:00:00.000000 UTC,Region_2
Company_250,36194.889085262461,2023-01-01 00:00:00.000000 UTC,Region_2
Company_250,8458.33420730616,2021-01-01 00:00:00.000000 UTC,Region_2
Company_250,7991.892003025122,2022-08-01 00:00:00.000000 UTC,Region_2
Company_250,9207.26345245905,2022-12-01 00:00:00.000000 UTC,Region_2
Company_251,11812.997616678325,2023-05-01 00:00:00.000000 UTC,Region_2
Company_251,18021.144907381138,2023-07-01 00:00:00.000000 UTC,Region_2
Company_251,21660.452018246975,2023-08-01 00:00:00.000000 UTC,Region_2
Company_251,22152.85402630916,2023-10-01 00:00:00.000000 UTC,Region_2
Company_251,15299.093071929134,2023-11-01 00:00:00.000000 UTC,Region_2
Company_251,18540.8912420928,2023-12-01 00:00:00.000000 UTC,Region_2
Company_251,63021.989941659165,2024-01-01 00:00:00.000000 UTC,Region_2
Company_251,13253.922041597418,2024-02-01 00:00:00.000000 UTC,Region_2
Company_251,36599.231888840361,2024-03-01 00:00:00.000000 UTC,Region_2
Company_251,10971.678095504321,2024-04-01 00:00:00.000000 UTC,Region_2
Company_251,3796.5214575937907,2024-05-01 00:00:00.000000 UTC,Region_2
Company_251,41201.634407266916,2024-08-01 00:00:00.000000 UTC,Region_2
Company_251,7272.161990159404,2022-01-01 00:00:00.000000 UTC,Region_2
Company_251,60914.985765022066,2021-10-01 00:00:00.000000 UTC,Region_2
Company_251,6195.074199773022,2021-11-01 00:00:00.000000 UTC,Region_2
Company_251,8815.15060088472,2021-08-01 00:00:00.000000 UTC,Region_2
Company_251,38120.006007646283,2022-02-01 00:00:00.000000 UTC,Region_2
Company_251,11140.88276527786,2022-12-01 00:00:00.000000 UTC,Region_2
Company_251,3117.2976137732553,2023-01-01 00:00:00.000000 UTC,Region_2
Company_251,10301.382649155184,2023-06-01 00:00:00.000000 UTC,Region_2
Company_252,83716.8792615929,2022-01-01 00:00:00.000000 UTC,Region_1
Company_252,61334.354191779967,2021-12-01 00:00:00.000000 UTC,Region_1
Company_252,22187.866479613989,2022-03-01 00:00:00.000000 UTC,Region_1
Company_252,65370.335979568335,2021-10-01 00:00:00.000000 UTC,Region_1
Company_252,25231.154245957845,2021-11-01 00:00:00.000000 UTC,Region_1
Company_253,12278.800810404751,2023-05-01 00:00:00.000000 UTC,Region_5
Company_253,5987.5288967227125,2023-06-01 00:00:00.000000 UTC,Region_5
Company_253,6385.9342272306621,2023-08-01 00:00:00.000000 UTC,Region_5
Company_253,25482.675900370752,2023-11-01 00:00:00.000000 UTC,Region_5
Company_253,20161.981142826353,2023-12-01 00:00:00.000000 UTC,Region_5
Company_253,32700.450992215323,2020-10-01 00:00:00.000000 UTC,Region_5
Company_253,69625.70251596054,2020-08-01 00:00:00.000000 UTC,Region_5
Company_253,18345.220885182382,2020-09-01 00:00:00.000000 UTC,Region_5
Company_253,10095.479248224367,2021-02-01 00:00:00.000000 UTC,Region_5
Company_253,25768.100614764506,2022-08-01 00:00:00.000000 UTC,Region_5
Company_253,86393.69447486625,2022-09-01 00:00:00.000000 UTC,Region_5
Company_253,7561.6248962524478,2021-11-01 00:00:00.000000 UTC,Region_5
Company_253,0.0,2020-11-01 00:00:00.000000 UTC,Region_5
Company_253,186578.35498674909,2021-10-01 00:00:00.000000 UTC,Region_5
Company_253,15576.095272207225,2021-09-01 00:00:00.000000 UTC,Region_5
Company_253,16353.558113652902,2023-03-01 00:00:00.000000 UTC,Region_5
Company_253,6759.3116443496065,2023-04-01 00:00:00.000000 UTC,Region_5
Company_253,12264.707077616898,2020-06-01 00:00:00.000000 UTC,Region_5
Company_253,16780.417164134305,2020-07-01 00:00:00.000000 UTC,Region_5
Company_254,65629.996143405966,2023-02-01 00:00:00.000000 UTC,Region_4
Company_254,176711.22438518633,2023-07-01 00:00:00.000000 UTC,Region_4
Company_254,39812.984595773793,2023-09-01 00:00:00.000000 UTC,Region_4
Company_254,12320.922256129648,2022-10-01 00:00:00.000000 UTC,Region_4
Company_254,64866.360780350384,2022-11-01 00:00:00.000000 UTC,Region_4
Company_254,41432.831975984489,2022-12-01 00:00:00.000000 UTC,Region_4
Company_254,31075.757781965476,2020-10-01 00:00:00.000000 UTC,Region_4
Company_254,75607.6223200372,2020-12-01 00:00:00.000000 UTC,Region_4
Company_254,29086.899556759021,2021-01-01 00:00:00.000000 UTC,Region_4
Company_254,78261.708282888852,2021-02-01 00:00:00.000000 UTC,Region_4
Company_254,24960.417899173597,2021-09-01 00:00:00.000000 UTC,Region_4
Company_254,8871.5965332088581,2021-12-01 00:00:00.000000 UTC,Region_4
Company_254,168859.16031671574,2022-01-01 00:00:00.000000 UTC,Region_4
Company_254,15362.878750484728,2023-04-01 00:00:00.000000 UTC,Region_4
Company_254,11621.471953226297,2023-05-01 00:00:00.000000 UTC,Region_4
Company_254,80539.159649822366,2021-10-01 00:00:00.000000 UTC,Region_4
Company_254,26614.265965977655,2022-03-01 00:00:00.000000 UTC,Region_4
Company_254,80061.046627773045,2022-04-01 00:00:00.000000 UTC,Region_4
Company_254,7083.5029990565417,2022-07-01 00:00:00.000000 UTC,Region_4
Company_254,28303.534742829768,2022-08-01 00:00:00.000000 UTC,Region_4
Company_254,12825.08383342603,2023-03-01 00:00:00.000000 UTC,Region_4
Company_254,12147.856897588659,2021-05-01 00:00:00.000000 UTC,Region_4
Company_254,24892.34552481414,2021-06-01 00:00:00.000000 UTC,Region_4
Company_254,12710.319312846874,2022-05-01 00:00:00.000000 UTC,Region_4
Company_255,15379.271146239867,2024-01-01 00:00:00.000000 UTC,Region_2
Company_255,57808.3649525988,2024-02-01 00:00:00.000000 UTC,Region_2
Company_255,13117.404536721649,2024-02-01 00:00:00.000000 UTC,Region_5
Company_255,7666.4581277953293,2024-03-01 00:00:00.000000 UTC,Region_2
Company_255,46216.180983125596,2024-04-01 00:00:00.000000 UTC,Region_2
Company_255,48238.60501274241,2024-05-01 00:00:00.000000 UTC,Region_2
Company_255,46799.748496979213,2024-06-01 00:00:00.000000 UTC,Region_2
Company_255,49875.998557765182,2024-09-01 00:00:00.000000 UTC,Region_2
Company_255,12524.606870412505,2024-10-01 00:00:00.000000 UTC,Region_2
Company_255,19766.211730856186,2024-12-01 00:00:00.000000 UTC,Region_2
Company_256,104716.86062076793,2022-08-01 00:00:00.000000 UTC,Region_1
Company_256,8214.0546725122022,2023-06-01 00:00:00.000000 UTC,Region_1
Company_256,41712.913852129961,2023-07-01 00:00:00.000000 UTC,Region_1
Company_256,13667.72575144222,2023-08-01 00:00:00.000000 UTC,Region_1
Company_256,114106.20658070527,2023-09-01 00:00:00.000000 UTC,Region_1
Company_256,35153.426133295754,2023-12-01 00:00:00.000000 UTC,Region_1
Company_256,106888.43148886069,2024-02-01 00:00:00.000000 UTC,Region_1
Company_256,11091.110943190788,2024-03-01 00:00:00.000000 UTC,Region_1
Company_256,36049.60293555395,2023-10-01 00:00:00.000000 UTC,Region_1
Company_256,128016.21495895826,2023-11-01 00:00:00.000000 UTC,Region_1
Company_256,19385.680945584216,2024-01-01 00:00:00.000000 UTC,Region_1
Company_256,79239.048300729482,2024-04-01 00:00:00.000000 UTC,Region_1
Company_256,11774.408479296981,2024-05-01 00:00:00.000000 UTC,Region_1
Company_256,63856.706353768845,2024-06-01 00:00:00.000000 UTC,Region_1
Company_256,41601.619513868209,2024-07-01 00:00:00.000000 UTC,Region_1
Company_256,64149.151309116751,2024-08-01 00:00:00.000000 UTC,Region_1
Company_256,7888.940302559713,2024-09-01 00:00:00.000000 UTC,Region_1
Company_256,8767.7129423513052,2024-10-01 00:00:00.000000 UTC,Region_1
Company_256,104098.4404062481,2021-05-01 00:00:00.000000 UTC,Region_1
Company_256,48226.028930021763,2021-06-01 00:00:00.000000 UTC,Region_1
Company_256,47114.736324670412,2022-11-01 00:00:00.000000 UTC,Region_1
Company_256,28022.964733621753,2023-02-01 00:00:00.000000 UTC,Region_1
Company_256,116200.35066993078,2021-08-01 00:00:00.000000 UTC,Region_1
Company_256,183890.1707106916,2022-01-01 00:00:00.000000 UTC,Region_1
Company_256,4566.262921504559,2021-11-01 00:00:00.000000 UTC,Region_1
Company_256,94164.595327754418,2021-02-01 00:00:00.000000 UTC,Region_1
Company_256,58077.246393745358,2021-12-01 00:00:00.000000 UTC,Region_1
Company_256,83980.524366250262,2022-03-01 00:00:00.000000 UTC,Region_1
Company_256,83383.457754430434,2022-09-01 00:00:00.000000 UTC,Region_1
Company_256,11988.494765385482,2023-04-01 00:00:00.000000 UTC,Region_1
Company_256,56106.484592439672,2022-07-01 00:00:00.000000 UTC,Region_1
Company_256,11262.561025052062,2022-10-01 00:00:00.000000 UTC,Region_1
Company_256,63300.092660114649,2023-05-01 00:00:00.000000 UTC,Region_1
Company_256,62069.757713526873,2022-12-01 00:00:00.000000 UTC,Region_1
Company_256,13623.527521414828,2020-12-01 00:00:00.000000 UTC,Region_1
Company_256,60483.023505250349,2021-01-01 00:00:00.000000 UTC,Region_1
Company_256,110851.73470120845,2021-03-01 00:00:00.000000 UTC,Region_1
Company_256,91261.801131959481,2021-04-01 00:00:00.000000 UTC,Region_1
Company_256,45321.761459892579,2021-10-01 00:00:00.000000 UTC,Region_1
Company_256,83444.625264741437,2022-02-01 00:00:00.000000 UTC,Region_1
Company_256,64261.235535425163,2021-09-01 00:00:00.000000 UTC,Region_1
Company_256,33596.263913463263,2022-06-01 00:00:00.000000 UTC,Region_1
Company_256,24390.393859019132,2021-07-01 00:00:00.000000 UTC,Region_1
Company_256,10874.273361658818,2022-05-01 00:00:00.000000 UTC,Region_1
Company_256,0.0,2023-01-01 00:00:00.000000 UTC,Region_1
Company_256,72511.110299582055,2024-11-01 00:00:00.000000 UTC,Region_1
Company_256,27144.147718097207,2024-12-01 00:00:00.000000 UTC,Region_1
Company_257,123479.22227091364,2024-06-01 00:00:00.000000 UTC,Region_2
Company_257,12602.033649279767,2023-10-01 00:00:00.000000 UTC,Region_2
Company_257,53312.038186237987,2023-12-01 00:00:00.000000 UTC,Region_2
Company_257,44429.631724480256,2024-01-01 00:00:00.000000 UTC,Region_2
Company_257,41696.876462238492,2024-02-01 00:00:00.000000 UTC,Region_2
Company_257,27743.353240245662,2024-03-01 00:00:00.000000 UTC,Region_2
Company_257,39040.882342869591,2024-04-01 00:00:00.000000 UTC,Region_2
Company_257,36683.99841393908,2024-05-01 00:00:00.000000 UTC,Region_2
Company_257,54135.731666280582,2024-07-01 00:00:00.000000 UTC,Region_2
Company_257,135591.010572753,2024-08-01 00:00:00.000000 UTC,Region_2
Company_257,35621.740993507665,2024-09-01 00:00:00.000000 UTC,Region_2
Company_257,14136.723997941708,2024-10-01 00:00:00.000000 UTC,Region_2
Company_257,26694.186661037224,2023-02-01 00:00:00.000000 UTC,Region_2
Company_257,36610.583201331334,2022-11-01 00:00:00.000000 UTC,Region_2
Company_257,16034.993601885193,2022-12-01 00:00:00.000000 UTC,Region_2
Company_257,119187.74276303919,2022-08-01 00:00:00.000000 UTC,Region_2
Company_257,27573.305431545898,2022-09-01 00:00:00.000000 UTC,Region_2
Company_257,64508.718998138778,2024-11-01 00:00:00.000000 UTC,Region_2
Company_257,25416.742436339926,2024-12-01 00:00:00.000000 UTC,Region_2
Company_258,7355.5706178295686,2020-04-01 00:00:00.000000 UTC,Region_2
Company_258,73190.3163931094,2020-05-01 00:00:00.000000 UTC,Region_2
Company_258,37764.813765894032,2020-07-01 00:00:00.000000 UTC,Region_2
Company_258,33423.367182707516,2020-08-01 00:00:00.000000 UTC,Region_2
Company_258,11170.925136491256,2024-01-01 00:00:00.000000 UTC,Region_2
Company_258,7907.9064908264882,2024-02-01 00:00:00.000000 UTC,Region_2
Company_258,7780.841017071034,2024-03-01 00:00:00.000000 UTC,Region_2
Company_258,38405.279844547986,2021-04-01 00:00:00.000000 UTC,Region_2
Company_258,83553.603189742716,2022-12-01 00:00:00.000000 UTC,Region_2
Company_258,63498.549813054909,2023-01-01 00:00:00.000000 UTC,Region_2
Company_258,20794.388588374903,2021-03-01 00:00:00.000000 UTC,Region_2
Company_258,25082.2026607069,2021-06-01 00:00:00.000000 UTC,Region_2
Company_258,21657.390092672787,2021-07-01 00:00:00.000000 UTC,Region_2
Company_258,9396.25082398581,2021-12-01 00:00:00.000000 UTC,Region_2
Company_258,29211.692992986966,2022-03-01 00:00:00.000000 UTC,Region_2
Company_258,11380.618225016793,2022-04-01 00:00:00.000000 UTC,Region_2
Company_258,22800.695351780931,2022-06-01 00:00:00.000000 UTC,Region_2
Company_258,54086.385851229927,2021-11-01 00:00:00.000000 UTC,Region_2
Company_258,15855.476011771932,2022-07-01 00:00:00.000000 UTC,Region_2
Company_258,10245.469225626557,2022-11-01 00:00:00.000000 UTC,Region_2
Company_258,19514.219693673913,2020-11-01 00:00:00.000000 UTC,Region_2
Company_258,15101.727562019671,2020-12-01 00:00:00.000000 UTC,Region_2
Company_258,55111.456407441496,2021-01-01 00:00:00.000000 UTC,Region_2
Company_258,113014.394922123,2021-02-01 00:00:00.000000 UTC,Region_2
Company_258,42308.666942254182,2022-02-01 00:00:00.000000 UTC,Region_2
Company_258,67510.329076087321,2021-09-01 00:00:00.000000 UTC,Region_2
Company_258,121362.79268859598,2021-05-01 00:00:00.000000 UTC,Region_2
Company_258,23430.387002472373,2022-05-01 00:00:00.000000 UTC,Region_2
Company_258,30339.963753768512,2022-08-01 00:00:00.000000 UTC,Region_2
Company_258,9666.6321649063866,2022-01-01 00:00:00.000000 UTC,Region_2
Company_258,98137.3416960759,2021-10-01 00:00:00.000000 UTC,Region_2
Company_258,17559.122526102838,2021-08-01 00:00:00.000000 UTC,Region_2
Company_258,14028.305207175721,2024-11-01 00:00:00.000000 UTC,
Company_259,17246.397860792567,2024-05-01 00:00:00.000000 UTC,Region_5
Company_259,344087.04595142056,2023-12-01 00:00:00.000000 UTC,Region_5
Company_259,314700.92970246408,2024-01-01 00:00:00.000000 UTC,Region_5
Company_259,88934.560192645731,2024-02-01 00:00:00.000000 UTC,Region_5
Company_259,44580.624593447326,2024-08-01 00:00:00.000000 UTC,Region_5
Company_259,233040.95441499728,2023-10-01 00:00:00.000000 UTC,Region_5
Company_259,41736.88562307453,2023-11-01 00:00:00.000000 UTC,Region_5
Company_259,17000.121418015442,2024-03-01 00:00:00.000000 UTC,Region_5
Company_259,278157.16747982276,2024-04-01 00:00:00.000000 UTC,Region_5
Company_259,2213.4615600062916,2024-06-01 00:00:00.000000 UTC,Region_5
Company_259,161500.11064142216,2024-07-01 00:00:00.000000 UTC,Region_5
Company_259,109484.92662547785,2024-09-01 00:00:00.000000 UTC,Region_5
Company_259,43133.079309170716,2022-01-01 00:00:00.000000 UTC,Region_5
Company_259,0.0,2024-11-01 00:00:00.000000 UTC,Region_5
Company_260,16767.361823497704,2023-09-01 00:00:00.000000 UTC,Region_2
Company_260,29717.895853999471,2023-12-01 00:00:00.000000 UTC,Region_2
Company_260,75517.042573920829,2023-02-01 00:00:00.000000 UTC,Region_2
Company_260,49456.310625729995,2022-07-01 00:00:00.000000 UTC,Region_2
Company_260,40759.598856113451,2022-05-01 00:00:00.000000 UTC,Region_2
Company_260,21041.907551674885,2022-10-01 00:00:00.000000 UTC,Region_2
Company_260,42972.661034523109,2022-09-01 00:00:00.000000 UTC,Region_2
Company_260,14910.246274300602,2023-07-01 00:00:00.000000 UTC,Region_2
Company_260,7824.551114035874,2022-08-01 00:00:00.000000 UTC,Region_2
Company_261,17895.526082520155,2023-08-01 00:00:00.000000 UTC,Region_4
Company_261,13361.258064479198,2023-09-01 00:00:00.000000 UTC,Region_4
Company_261,54979.90010951057,2023-11-01 00:00:00.000000 UTC,Region_4
Company_261,235454.39077801106,2021-03-01 00:00:00.000000 UTC,Region_4
Company_261,188222.20076334415,2021-04-01 00:00:00.000000 UTC,Region_4
Company_261,144898.12829951692,2021-05-01 00:00:00.000000 UTC,Region_4
Company_261,9724.320617753383,2021-02-01 00:00:00.000000 UTC,Region_4
Company_261,134587.3379949744,2022-03-01 00:00:00.000000 UTC,Region_4
Company_261,9357.422057646485,2024-12-01 00:00:00.000000 UTC,Region_4
Company_262,186020.01063950954,2023-01-01 00:00:00.000000 UTC,Region_2
Company_262,36862.548613073828,2023-02-01 00:00:00.000000 UTC,Region_2
Company_262,102892.60086425382,2023-03-01 00:00:00.000000 UTC,Region_2
Company_262,159927.39028961418,2023-04-01 00:00:00.000000 UTC,Region_2
Company_262,250834.91331992034,2023-05-01 00:00:00.000000 UTC,Region_2
Company_262,76593.3671017003,2023-06-01 00:00:00.000000 UTC,Region_2
Company_262,236169.49683950242,2023-07-01 00:00:00.000000 UTC,Region_2
Company_262,217952.94782960863,2023-08-01 00:00:00.000000 UTC,Region_2
Company_262,291959.76883402123,2023-12-01 00:00:00.000000 UTC,Region_2
Company_262,63022.77982970584,2024-02-01 00:00:00.000000 UTC,Region_2
Company_262,43153.971404247932,2023-09-01 00:00:00.000000 UTC,Region_2
Company_262,96492.386526156872,2023-10-01 00:00:00.000000 UTC,Region_2
Company_262,91905.000755763729,2023-11-01 00:00:00.000000 UTC,Region_2
Company_262,21505.199078915819,2024-01-01 00:00:00.000000 UTC,Region_2
Company_262,3074.61703381307,2024-02-01 00:00:00.000000 UTC,Region_5
Company_262,50101.471656931019,2024-03-01 00:00:00.000000 UTC,Region_2
Company_262,105820.30759653207,2024-04-01 00:00:00.000000 UTC,Region_2
Company_262,63508.17934710707,2024-04-01 00:00:00.000000 UTC,
Company_262,8600.3720533620562,2024-01-01 00:00:00.000000 UTC,
Company_262,2874.6599810987886,2024-05-01 00:00:00.000000 UTC,
Company_262,27374.102766291922,2024-07-01 00:00:00.000000 UTC,
Company_262,21621.667627640607,2024-08-01 00:00:00.000000 UTC,
Company_262,220170.74046115176,2022-07-01 00:00:00.000000 UTC,Region_2
Company_262,271691.12617945409,2022-11-01 00:00:00.000000 UTC,Region_2
Company_262,108261.9580505613,2022-12-01 00:00:00.000000 UTC,Region_2
Company_262,101470.59825186853,2022-09-01 00:00:00.000000 UTC,Region_2
Company_262,80341.510135221964,2022-03-01 00:00:00.000000 UTC,Region_2
Company_262,42908.937481993664,2022-04-01 00:00:00.000000 UTC,Region_2
Company_262,198026.93020921969,2022-08-01 00:00:00.000000 UTC,Region_2
Company_262,410233.65550279123,2022-01-01 00:00:00.000000 UTC,Region_2
Company_262,368525.39222747559,2021-11-01 00:00:00.000000 UTC,Region_2
Company_262,441457.90336238482,2021-12-01 00:00:00.000000 UTC,Region_2
Company_262,67665.653016591226,2021-08-01 00:00:00.000000 UTC,Region_2
Company_262,73015.90201228646,2021-09-01 00:00:00.000000 UTC,Region_2
Company_262,116641.56970759778,2021-10-01 00:00:00.000000 UTC,Region_2
Company_262,165625.62490802904,2022-02-01 00:00:00.000000 UTC,Region_2
Company_262,35383.212553705227,2022-06-01 00:00:00.000000 UTC,Region_2
Company_262,164325.1763033657,2022-05-01 00:00:00.000000 UTC,Region_2
Company_262,45464.243063278074,2022-10-01 00:00:00.000000 UTC,Region_2
Company_263,19600.494993693246,2024-12-01 00:00:00.000000 UTC,Region_2
Company_263,22566.462482928939,2023-09-01 00:00:00.000000 UTC,Region_2
Company_263,22702.873486045606,2023-12-01 00:00:00.000000 UTC,Region_2
Company_263,0.0,2024-01-01 00:00:00.000000 UTC,Region_2
Company_263,15217.699102535318,2024-04-01 00:00:00.000000 UTC,Region_2
Company_263,4827.8756175923927,2024-05-01 00:00:00.000000 UTC,Region_2
Company_263,7852.1616950831058,2024-10-01 00:00:00.000000 UTC,Region_2
Company_263,28064.385042765898,2022-08-01 00:00:00.000000 UTC,Region_2
Company_263,13296.531620384869,2022-12-01 00:00:00.000000 UTC,Region_2
Company_263,18082.844926487647,2022-05-01 00:00:00.000000 UTC,Region_2
Company_263,50240.252324187713,2023-08-01 00:00:00.000000 UTC,Region_2
Company_263,31910.589570980839,2022-11-01 00:00:00.000000 UTC,Region_2
Company_263,12823.788062023619,2023-02-01 00:00:00.000000 UTC,Region_2
Company_263,10073.735139074344,2023-04-01 00:00:00.000000 UTC,Region_2
Company_263,10229.706965279438,2023-05-01 00:00:00.000000 UTC,Region_2
Company_263,9630.77657267533,2023-07-01 00:00:00.000000 UTC,Region_2
Company_263,11594.180877456372,2024-02-01 00:00:00.000000 UTC,Region_2
Company_263,9892.0608883392633,2024-03-01 00:00:00.000000 UTC,Region_2
Company_263,19111.385665016634,2024-06-01 00:00:00.000000 UTC,Region_2
Company_263,9451.755990771213,2024-07-01 00:00:00.000000 UTC,Region_2
Company_263,9307.9874911299066,2024-08-01 00:00:00.000000 UTC,Region_2
Company_263,9305.31607200576,2024-09-01 00:00:00.000000 UTC,Region_2
Company_263,0.0,2022-01-01 00:00:00.000000 UTC,Region_2
Company_263,13129.891867976376,2023-01-01 00:00:00.000000 UTC,Region_2
Company_263,9035.6092422261645,2022-06-01 00:00:00.000000 UTC,Region_2
Company_263,14518.834559307026,2022-07-01 00:00:00.000000 UTC,Region_2
Company_264,101136.20047858097,2023-07-01 00:00:00.000000 UTC,Region_4
Company_264,24712.92556131339,2023-11-01 00:00:00.000000 UTC,Region_4
Company_264,4251.5502233577145,2024-04-01 00:00:00.000000 UTC,Region_4
Company_264,27426.359629424711,2024-09-01 00:00:00.000000 UTC,Region_4
Company_264,7585.7031689561245,2020-11-01 00:00:00.000000 UTC,Region_4
Company_264,52508.713167623675,2021-03-01 00:00:00.000000 UTC,Region_4
Company_264,7872.23727667386,2021-12-01 00:00:00.000000 UTC,Region_4
Company_264,18837.676144124118,2021-04-01 00:00:00.000000 UTC,Region_4
Company_264,9523.4227995003675,2021-05-01 00:00:00.000000 UTC,Region_4
Company_264,11902.459094324127,2021-06-01 00:00:00.000000 UTC,Region_4
Company_264,22528.530106395392,2021-07-01 00:00:00.000000 UTC,Region_4
Company_264,3969.8885711189027,2021-08-01 00:00:00.000000 UTC,Region_4
Company_264,6957.8664239023765,2020-06-01 00:00:00.000000 UTC,Region_4
Company_265,60295.686910989672,2022-09-01 00:00:00.000000 UTC,Region_4
Company_265,74615.993316183711,2022-11-01 00:00:00.000000 UTC,Region_4
Company_265,82144.096783758767,2022-12-01 00:00:00.000000 UTC,Region_4
Company_265,71245.0528879621,2023-01-01 00:00:00.000000 UTC,Region_4
Company_265,34191.040737462383,2023-02-01 00:00:00.000000 UTC,Region_4
Company_265,61103.609255538555,2023-03-01 00:00:00.000000 UTC,Region_4
Company_265,30671.139848843235,2023-05-01 00:00:00.000000 UTC,Region_4
Company_265,14425.388140841485,2023-06-01 00:00:00.000000 UTC,Region_4
Company_265,101061.42736854467,2023-07-01 00:00:00.000000 UTC,Region_4
Company_265,96902.977432935426,2023-08-01 00:00:00.000000 UTC,Region_4
Company_265,97829.800116375278,2023-09-01 00:00:00.000000 UTC,Region_4
Company_265,23876.593872524005,2023-10-01 00:00:00.000000 UTC,Region_4
Company_265,51131.849550804516,2023-11-01 00:00:00.000000 UTC,Region_4
Company_265,52500.246277775048,2023-12-01 00:00:00.000000 UTC,Region_4
Company_265,46331.797517777566,2024-01-01 00:00:00.000000 UTC,Region_4
Company_265,48775.977388585481,2024-02-01 00:00:00.000000 UTC,Region_4
Company_265,93200.772158173175,2024-03-01 00:00:00.000000 UTC,Region_4
Company_265,35890.116551298488,2024-04-01 00:00:00.000000 UTC,Region_4
Company_265,31373.77632937306,2024-05-01 00:00:00.000000 UTC,Region_4
Company_265,76934.190481120371,2024-06-01 00:00:00.000000 UTC,Region_4
Company_265,49790.557521525487,2024-07-01 00:00:00.000000 UTC,Region_4
Company_265,4412.509881947426,2024-08-01 00:00:00.000000 UTC,Region_4
Company_265,31817.320655447133,2024-09-01 00:00:00.000000 UTC,Region_4
Company_265,9471.503191938069,2024-10-01 00:00:00.000000 UTC,Region_4
Company_265,55296.086081991656,2024-11-01 00:00:00.000000 UTC,Region_4
Company_265,35491.950849748522,2022-03-01 00:00:00.000000 UTC,Region_4
Company_265,43945.297224670066,2021-09-01 00:00:00.000000 UTC,Region_4
Company_265,49773.87224593282,2022-08-01 00:00:00.000000 UTC,Region_4
Company_265,5267.417252553545,2021-10-01 00:00:00.000000 UTC,Region_4
Company_265,20259.687631655983,2021-12-01 00:00:00.000000 UTC,Region_4
Company_265,18450.506749201442,2022-01-01 00:00:00.000000 UTC,Region_4
Company_265,33450.525131278562,2022-04-01 00:00:00.000000 UTC,Region_4
Company_265,17934.700979576559,2022-05-01 00:00:00.000000 UTC,Region_4
Company_265,60773.817683332178,2022-06-01 00:00:00.000000 UTC,Region_4
Company_265,14091.957758532439,2022-07-01 00:00:00.000000 UTC,Region_4
Company_265,8504.8311003008384,2022-10-01 00:00:00.000000 UTC,Region_4
Company_265,0.0,2023-04-01 00:00:00.000000 UTC,Region_4
Company_265,21388.437650353502,2024-12-01 00:00:00.000000 UTC,Region_4
Company_266,29391.521213230939,2021-06-01 00:00:00.000000 UTC,Region_1
Company_266,0.0,2022-07-01 00:00:00.000000 UTC,Region_1
Company_266,11031.807213664077,2023-01-01 00:00:00.000000 UTC,Region_1
Company_266,28635.358723605696,2020-10-01 00:00:00.000000 UTC,Region_1
Company_266,124496.05669108793,2021-01-01 00:00:00.000000 UTC,Region_1
Company_266,62738.269255411047,2022-01-01 00:00:00.000000 UTC,Region_1
Company_266,216608.11461683942,2021-02-01 00:00:00.000000 UTC,Region_1
Company_266,52473.097204350604,2021-03-01 00:00:00.000000 UTC,Region_1
Company_266,15938.787012829587,2020-09-01 00:00:00.000000 UTC,Region_1
Company_266,68483.6841531082,2021-05-01 00:00:00.000000 UTC,Region_1
Company_266,36472.4859203622,2021-08-01 00:00:00.000000 UTC,Region_1
Company_266,39564.089984752078,2021-09-01 00:00:00.000000 UTC,Region_1
Company_266,7641.5012155790582,2021-11-01 00:00:00.000000 UTC,Region_1
Company_266,68012.023362631167,2021-12-01 00:00:00.000000 UTC,Region_1
Company_266,79527.526065550832,2022-05-01 00:00:00.000000 UTC,Region_1
Company_266,130447.80987189893,2021-10-01 00:00:00.000000 UTC,Region_1
Company_266,15452.109474319142,2020-11-01 00:00:00.000000 UTC,Region_1
Company_266,45689.077151889294,2020-12-01 00:00:00.000000 UTC,Region_1
Company_266,8664.8056176188566,2021-07-01 00:00:00.000000 UTC,Region_1
Company_267,62639.604250749508,2022-12-01 00:00:00.000000 UTC,Region_2
Company_267,198027.06333641856,2023-01-01 00:00:00.000000 UTC,Region_2
Company_267,41177.911140426906,2023-02-01 00:00:00.000000 UTC,Region_2
Company_267,36722.356797509034,2023-04-01 00:00:00.000000 UTC,Region_2
Company_267,55061.702335647613,2023-05-01 00:00:00.000000 UTC,Region_2
Company_267,39072.806245160464,2023-06-01 00:00:00.000000 UTC,Region_2
Company_267,60926.922837188096,2023-07-01 00:00:00.000000 UTC,Region_2
Company_267,79022.343846396383,2023-09-01 00:00:00.000000 UTC,Region_2
Company_267,43978.037640447379,2023-08-01 00:00:00.000000 UTC,Region_2
Company_267,17373.365707935511,2023-10-01 00:00:00.000000 UTC,Region_2
Company_267,89345.78123483232,2023-11-01 00:00:00.000000 UTC,Region_2
Company_267,87033.983050588373,2023-12-01 00:00:00.000000 UTC,Region_2
Company_267,53088.4643684428,2024-01-01 00:00:00.000000 UTC,Region_2
Company_267,26791.511518563402,2024-02-01 00:00:00.000000 UTC,Region_2
Company_267,52621.693783737865,2024-04-01 00:00:00.000000 UTC,Region_2
Company_267,0.0,2024-05-01 00:00:00.000000 UTC,Region_2
Company_267,11805.85312367189,2024-06-01 00:00:00.000000 UTC,Region_2
Company_267,96460.711127970571,2024-07-01 00:00:00.000000 UTC,Region_2
Company_267,631.34242795752834,2024-08-01 00:00:00.000000 UTC,Region_2
Company_267,7497.1913319956484,2021-11-01 00:00:00.000000 UTC,Region_2
Company_267,0.0,2021-08-01 00:00:00.000000 UTC,Region_2
Company_267,87156.797329126319,2022-05-01 00:00:00.000000 UTC,Region_2
Company_267,44637.416656488553,2022-02-01 00:00:00.000000 UTC,Region_2
Company_267,371650.81060038024,2022-01-01 00:00:00.000000 UTC,Region_2
Company_267,10706.160334916078,2020-12-01 00:00:00.000000 UTC,Region_2
Company_267,37434.613936944421,2023-03-01 00:00:00.000000 UTC,Region_2
Company_267,12045.348954452844,2020-10-01 00:00:00.000000 UTC,Region_2
Company_267,66455.198398369175,2022-06-01 00:00:00.000000 UTC,Region_2
Company_267,51651.826639327577,2022-07-01 00:00:00.000000 UTC,Region_2
Company_267,13698.256255718166,2022-10-01 00:00:00.000000 UTC,Region_2
Company_267,112315.49487830835,2022-11-01 00:00:00.000000 UTC,Region_2
Company_267,8847.1011286153644,2021-07-01 00:00:00.000000 UTC,Region_2
Company_267,8698.2649202701141,2021-12-01 00:00:00.000000 UTC,Region_2
Company_267,11909.781090262402,2022-08-01 00:00:00.000000 UTC,Region_2
Company_267,18725.893672799819,2022-03-01 00:00:00.000000 UTC,Region_2
Company_268,11028.878415288767,2022-09-01 00:00:00.000000 UTC,Region_4
Company_268,2339.8436474741729,2022-10-01 00:00:00.000000 UTC,Region_4
Company_268,22639.114432929789,2022-12-01 00:00:00.000000 UTC,Region_4
Company_268,12856.759231612326,2023-02-01 00:00:00.000000 UTC,Region_4
Company_268,7282.0577786093118,2023-06-01 00:00:00.000000 UTC,Region_4
Company_268,10280.215424533631,2023-09-01 00:00:00.000000 UTC,Region_4
Company_268,8250.3362717796663,2023-11-01 00:00:00.000000 UTC,Region_4
Company_268,7762.6469665577506,2024-01-01 00:00:00.000000 UTC,Region_4
Company_268,8489.9652297594985,2024-04-01 00:00:00.000000 UTC,Region_4
Company_268,10859.611619489087,2024-07-01 00:00:00.000000 UTC,Region_4
Company_268,6275.3321504030828,2024-08-01 00:00:00.000000 UTC,Region_4
Company_268,4299.7422693514354,2024-09-01 00:00:00.000000 UTC,Region_4
Company_268,13894.246117905894,2023-08-01 00:00:00.000000 UTC,Region_4
Company_268,6581.9240894183886,2024-11-01 00:00:00.000000 UTC,Region_4
Company_268,1807.0153466861307,2024-12-01 00:00:00.000000 UTC,Region_4
Company_269,18147.899751005876,2021-11-01 00:00:00.000000 UTC,Region_1
Company_269,169562.3914320672,2021-12-01 00:00:00.000000 UTC,Region_1
Company_269,93511.029532730914,2022-01-01 00:00:00.000000 UTC,Region_1
Company_270,13916.185480280936,2024-02-01 00:00:00.000000 UTC,Region_4
Company_270,29094.904938984866,2023-02-01 00:00:00.000000 UTC,Region_4
Company_270,23303.117400345309,2022-02-01 00:00:00.000000 UTC,Region_4
Company_270,50312.05226011575,2021-10-01 00:00:00.000000 UTC,Region_4
Company_270,54516.386703604847,2022-01-01 00:00:00.000000 UTC,Region_4
Company_270,27879.320486032735,2022-03-01 00:00:00.000000 UTC,Region_4
Company_270,70066.17604131384,2022-05-01 00:00:00.000000 UTC,Region_4
Company_270,14112.12209158911,2022-07-01 00:00:00.000000 UTC,Region_4
Company_270,7654.92043722593,2022-12-01 00:00:00.000000 UTC,Region_4
Company_271,29434.423671855919,2023-09-01 00:00:00.000000 UTC,Region_2
Company_271,14006.197217015435,2023-12-01 00:00:00.000000 UTC,Region_2
Company_271,84466.54514391291,2024-02-01 00:00:00.000000 UTC,Region_2
Company_271,12355.996835460623,2024-04-01 00:00:00.000000 UTC,Region_2
Company_271,48673.851076753112,2024-05-01 00:00:00.000000 UTC,Region_2
Company_271,0.0,2024-06-01 00:00:00.000000 UTC,Region_2
Company_271,12002.748250811985,2024-07-01 00:00:00.000000 UTC,Region_2
Company_271,22943.673963375561,2024-08-01 00:00:00.000000 UTC,Region_2
Company_271,13109.008648045761,2024-09-01 00:00:00.000000 UTC,Region_2
Company_271,6560.0113524831213,2023-03-01 00:00:00.000000 UTC,Region_2
Company_271,61455.677445690482,2022-09-01 00:00:00.000000 UTC,Region_2
Company_271,18334.091451356206,2021-11-01 00:00:00.000000 UTC,Region_2
Company_271,0.0,2022-07-01 00:00:00.000000 UTC,Region_2
Company_271,52166.9312723717,2023-01-01 00:00:00.000000 UTC,Region_2
Company_271,43236.91852429531,2023-04-01 00:00:00.000000 UTC,Region_2
Company_271,111686.01623113512,2023-05-01 00:00:00.000000 UTC,Region_2
Company_271,10412.321981553254,2023-07-01 00:00:00.000000 UTC,Region_2
Company_271,10451.088621866435,2022-05-01 00:00:00.000000 UTC,Region_2
Company_271,9052.6495236825085,2024-12-01 00:00:00.000000 UTC,Region_2
Company_272,13155.629793092727,2024-01-01 00:00:00.000000 UTC,Region_5
Company_272,35187.914952951665,2024-02-01 00:00:00.000000 UTC,Region_5
Company_272,25589.940922079797,2024-03-01 00:00:00.000000 UTC,Region_5
Company_272,28398.294682990905,2024-04-01 00:00:00.000000 UTC,Region_5
Company_272,28197.884997800444,2024-05-01 00:00:00.000000 UTC,Region_5
Company_272,0.0,2024-06-01 00:00:00.000000 UTC,Region_5
Company_272,11624.60487997322,2024-07-01 00:00:00.000000 UTC,Region_5
Company_273,14214.346030033988,2023-11-01 00:00:00.000000 UTC,Region_2
Company_273,60512.746371186433,2023-01-01 00:00:00.000000 UTC,Region_2
Company_273,27731.327416613709,2021-12-01 00:00:00.000000 UTC,Region_2
Company_273,10825.105049539992,2020-11-01 00:00:00.000000 UTC,Region_2
Company_273,59781.247913939929,2021-01-01 00:00:00.000000 UTC,Region_2
Company_273,14983.794614107226,2022-01-01 00:00:00.000000 UTC,Region_2
Company_273,17888.701094791024,2022-12-01 00:00:00.000000 UTC,Region_2
Company_273,116139.85767076077,2021-05-01 00:00:00.000000 UTC,Region_2
Company_273,8334.827667334037,2023-02-01 00:00:00.000000 UTC,Region_2
Company_273,14468.095346241445,2021-11-01 00:00:00.000000 UTC,Region_2
Company_274,194354.31467319463,2024-04-01 00:00:00.000000 UTC,Region_4
Company_274,165135.17543221713,2021-12-01 00:00:00.000000 UTC,Region_4
Company_274,131819.09102151182,2022-02-01 00:00:00.000000 UTC,Region_4
Company_274,9352.14134542434,2021-01-01 00:00:00.000000 UTC,Region_4
Company_274,156137.64944401654,2021-11-01 00:00:00.000000 UTC,Region_4